{
  "com.liferay.client.extension.type.configuration.CETConfiguration~liferay-object-collection-filter-extension" : {
    ":configurator:policy" : "force",
    "baseURL" : "${portalURL}/o/liferay-object-collection-filter-extension",
    "description" : "",
    "dxp.lxc.liferay.com.virtualInstanceId" : "default",
    "name" : "Liferay Object Collection Filter Extension",
    "projectId" : "liferayobjectcollectionfilterextension",
    "projectName" : "liferay-object-collection-filter-extension",
    "properties" : [ ],
    "sourceCodeURL" : "",
    "type" : "customElement",
    "typeSettings" : [ "friendlyURLMapping=liferay-object-collection-filter-extension", "instanceable=false", "urls=js/main.41b80aab.js", "useESM=true", "htmlElementName=liferay-object-collection-filter-extension", "cssURLs=css/main.297cd067.css", "portletCategoryName=category.client-extensions" ],
    "webContextPath" : "/liferay-object-collection-filter-extension"
  }
}